Region,Product ,Grand_Total,Date
ANZ,Tech, 159 ,14-Jul-14
ANZ,OFM, 70 ,07-Aug-14
ANZ,OFM, 70 ,08-Aug-14
ANZ,OFM, 70 ,09-Aug-14
ANZ,Tech, 106 ,11-Aug-14
ANZ,Tech, 212 ,19-Aug-14
ANZ,Tech, 212 ,29-Aug-14
ANZ,Apps, 53 ,30-Aug-14
ANZ,OFM, 265 ,20-Oct-14
ANZ,Tech, 81 ,25-Oct-14
ANZ,Apps, 32 ,27-Oct-14
ANZ,Tech, 95 ,06-Nov-14
ANZ,Tech, 106 ,07-Nov-14
ANZ,Apps, 22 ,08-Nov-14
ANZ,Apps, 53 ,21-Dec-14
ANZ,Tech, 53 ,26-Dec-14
ANZ,Apps, 106 ,08-Jan-15
ANZ,OFM, 106 ,26-Jan-15
ANZ,Apps, 6 ,05-Feb-15
ANZ,Tech, 79 ,06-Feb-15
ANZ,Tech, 106 ,26-Feb-15
ANZ,Apps, 212 ,27-Feb-15
ANZ,Apps, 106 ,28-Feb-15
ANZ,Tech, 127 ,11-Mar-15
ANZ,Apps, 53 ,11-Apr-15
ANZ,Apps, 53 ,12-Apr-15
ANZ,Tech, 106 ,13-Apr-15
ANZ,Systems," 3,706 ",14-Apr-15
ANZ,Tech, 21 ,21-Apr-15
ANZ,Tech, 159 ,01-May-15
ANZ,Systems," 3,706 ",02-May-15
ANZ,Tech, 529 ,06-May-15
ANZ,OFM, 223 ,15-May-15
ANZ,OFM, 96 ,25-May-15
ANZ,Tech, 42 ,10-Jun-15
ANZ,OFM, 32 ,11-Jun-15
ANZ,Apps, 53 ,12-Jun-15
ANZ,OFM, 127 ,14-Jun-15
ANZ,Apps, 159 ,17-Jun-15
ANZ,Apps, 159 ,18-Jun-15
ANZ,OFM, 53 ,21-Jun-15
ANZ,Tech, 53 ,22-Jun-15
ANZ,Tech, 41 ,02-Jul-15
ANZ,Systems, 810 ,03-Jul-15
ANZ,Apps, 16 ,06-Jul-15
ANZ,Apps, 106 ,07-Jul-15
ANZ,Apps, 53 ,10-Jul-15
ANZ,Tech, 74 ,11-Jul-15
ANZ,Tech, 318 ,22-Jul-15
ANZ,Tech, 529 ,23-Jul-15
ANZ,OFM, 53 ,21-Aug-15
ANZ,OFM, 53 ,22-Aug-15
ANZ,Apps, 106 ,30-Aug-15
ANZ,Apps, 79 ,14-Sep-15
ANZ,Apps, 16 ,15-Oct-15
ANZ,Tech, 466 ,18-Nov-15
ANZ,OFM, 106 ,23-Nov-15
ANZ,Apps, 130 ,05-Dec-15
ANZ,OFM, 371 ,03-Jan-16
ANZ,Apps, 53 ,11-Jan-16
ANZ,OFM, 180 ,14-Jan-16
ANZ,Apps, 53 ,15-Jan-16
ANZ,Apps, 53 ,16-Jan-16
ANZ,Apps, 53 ,17-Jan-16
ANZ,Apps, 53 ,19-Jan-16
ANZ,Apps, 53 ,20-Jan-16
ANZ,Apps, 53 ,22-Jan-16
ANZ,Apps, 53 ,23-Jan-16
ANZ,Apps, 53 ,24-Jan-16
ANZ,Apps, 53 ,25-Jan-16
ANZ,Apps, 53 ,26-Jan-16
ANZ,Apps, 53 ,27-Jan-16
ANZ,Apps, 53 ,28-Jan-16
ANZ,OFM, 53 ,17-Feb-16
ANZ,Apps, 81 ,06-Mar-16
ANZ,OFM, 608 ,20-Mar-16
ANZ,Apps, 21 ,24-Mar-16
ANZ,Apps, 32 ,25-Mar-16
ANZ,OFM, 106 ,28-Mar-16
ANZ,Tech," 2,118 ",22-Apr-16
ANZ,Apps, 212 ,30-Apr-16
ANZ,Apps, 41 ,21-May-16
ANZ,Apps, 4 ,24-May-16
ANZ,OFM, 128 ,25-Jun-16
ANZ,OFM, 65 ,03-Jul-16
ANZ,OFM, 53 ,04-Jul-16
ANZ,Tech, 25 ,08-Jul-16
ANZ,OFM, 191 ,10-Jul-16
ANZ,Tech, 53 ,11-Jul-16
ANZ,Tech, 53 ,12-Jul-16
ANZ,OFM, 53 ,13-Jul-16
ANZ,OFM, 191 ,14-Jul-16
ANZ,OFM, 148 ,15-Jul-16
ANZ,OFM, 64 ,19-Jul-16
ANZ,Apps, 162 ,15-Aug-16
ANZ,OFM, 405 ,27-Aug-16
ANZ,OFM, 265 ,06-Sep-16
ANZ,Tech, 233 ,26-Sep-16
ANZ,OFM, 53 ,07-Oct-16
ANZ,Apps, 21 ,08-Oct-16
ANZ,OFM, 53 ,27-Oct-16
ANZ,Apps, 53 ,28-Oct-16
ANZ,Tech, 53 ,29-Oct-16
ANZ,OFM, 53 ,30-Oct-16
ANZ,Apps, 53 ,31-Oct-16
ANZ,Tech, 53 ,01-Nov-16
ANZ,OFM, 53 ,02-Nov-16
ANZ,Tech, 53 ,03-Nov-16
ANZ,Apps, 53 ,04-Nov-16
ANZ,Apps, 53 ,05-Nov-16
ANZ,Tech, 81 ,16-Nov-16
ANZ,Tech, 265 ,18-Nov-16
ANZ,Apps," 1,215 ",20-Nov-16
ANZ,OFM, 53 ,22-Nov-16
ANZ,Apps, 53 ,23-Nov-16
ANZ,Tech, 81 ,24-Nov-16
ANZ,Apps, 53 ,30-Nov-16
ANZ,OFM, 53 ,01-Dec-16
ANZ,Apps, 53 ,02-Dec-16
ANZ,Tech, 53 ,03-Dec-16
ANZ,Apps, 53 ,04-Dec-16
ANZ,OFM, 53 ,05-Dec-16
ANZ,Apps, 53 ,06-Dec-16
ANZ,Tech, 53 ,07-Dec-16
ANZ,Apps, 53 ,08-Dec-16
ANZ,OFM, 53 ,09-Dec-16
ANZ,Apps, 53 ,10-Dec-16
ANZ,Tech, 53 ,11-Dec-16
ANZ,Apps, 53 ,12-Dec-16
ANZ,OFM, 53 ,13-Dec-16
ANZ,Apps, 53 ,14-Dec-16
ANZ,Tech, 53 ,15-Dec-16
ANZ,Apps, 53 ,16-Dec-16
ANZ,Tech, 212 ,25-Dec-16
ANZ,Apps, 53 ,03-Feb-17
ANZ,Tech, 53 ,04-Feb-17
ANZ,Apps, 53 ,05-Feb-17
ANZ,OFM, 53 ,08-Feb-17
ANZ,Tech, 529 ,09-Feb-17
ANZ,Tech, 148 ,10-Feb-17
ANZ,OFM, 53 ,12-Feb-17
ANZ,Apps, 53 ,13-Feb-17
ANZ,Tech, 53 ,14-Feb-17
ANZ,Apps, 53 ,15-Feb-17
ANZ,OFM, 53 ,17-Feb-17
ANZ,Apps, 53 ,18-Feb-17
ANZ,Tech, 53 ,19-Feb-17
ANZ,Apps, 53 ,20-Feb-17
ANZ,OFM, 95 ,19-Mar-17
ANZ,Tech, 106 ,20-Mar-17
ANZ,OFM, 53 ,21-Mar-17
ANZ,Apps, 53 ,22-Mar-17
ANZ,Tech, 53 ,23-Mar-17
ANZ,Apps, 53 ,24-Mar-17
ANZ,Tech, 53 ,11-Apr-17
ANZ,Tech, 106 ,12-Apr-17
ANZ,OFM, 17 ,13-Apr-17
ANZ,OFM, 318 ,16-Apr-17
ANZ,Tech, 53 ,26-Apr-17
ANZ,OFM, 106 ,25-May-17
ANZ,Tech, 371 ,29-May-17
ANZ,Tech, 529 ,13-Jun-17
ANZ,Tech, 159 ,14-Jun-17
ANZ,Other, 53 ,16-Jun-17
ANZ,Tech, 79 ,17-Jun-17
ANZ,OFM, 159 ,28-Jun-17
ANZ,Apps, 106 ,29-Jun-17
ANZ,Apps, 265 ,30-Jun-17
ANZ,Apps, 212 ,01-Jul-17
ANZ,Apps, 106 ,05-Jul-17
ANZ,Apps, 582 ,10-Jul-17
ANZ,Apps, 265 ,11-Jul-17
ANZ,Apps, 529 ,12-Jul-17
ANZ,OFM, 159 ,13-Jul-17
ANZ,Apps, 212 ,14-Jul-17
ANZ,Apps, 106 ,15-Jul-17
ANZ,OFM, 159 ,16-Jul-17
ANZ,Apps, 318 ,17-Jul-17
ANZ,OFM, 265 ,22-Jul-17
ANZ,Tech, 41 ,04-Aug-17
ANZ,OFM, 53 ,05-Aug-17
ANZ,Apps, 53 ,08-Aug-17
ANZ,Tech, 20 ,13-Aug-17
ANZ,Apps, 21 ,10-Sep-17
ANZ,OFM, 159 ,13-Sep-17
ANZ,Apps, 5 ,01-Oct-17
ANZ,Apps, 405 ,03-Oct-17
ANZ,Tech, 106 ,04-Oct-17
ANZ,Tech, 42 ,07-Oct-17
ANZ,Tech, 5 ,13-Oct-17
ANZ,OFM, 212 ,14-Oct-17
ANZ,Apps, 49 ,21-Oct-17
ANZ,OFM, 53 ,09-Nov-17
ANZ,Other," 1,059 ",16-Nov-17
ANZ,Apps, 42 ,18-Dec-17
ANZ,OFM, 529 ,30-Dec-17
ANZ,Systems, 185 ,02-Jan-18
ANZ,Systems, 477 ,03-Jan-18
ANZ,Tech, 30 ,18-Jan-18
ANZ,Tech, 635 ,26-Jan-18
ANZ,Tech, 424 ,27-Jan-18
ANZ,Tech, 424 ,28-Jan-18
ANZ,Apps," 2,118 ",08-Feb-18
ANZ,Apps, 5 ,25-Feb-18
ANZ,Apps, 127 ,07-Mar-18
ANZ,Apps, 127 ,08-Mar-18
ANZ,Apps, 159 ,09-Mar-18
ANZ,OFM, 265 ,11-Mar-18
ANZ,Tech, 11 ,12-Mar-18
ANZ,Tech, 26 ,13-Mar-18
ANZ,Tech, 21 ,14-Mar-18
ANZ,Tech, 15 ,15-Mar-18
ANZ,Tech, 15 ,16-Mar-18
ANZ,OFM, 106 ,22-Mar-18
ANZ,OFM, 106 ,23-Mar-18
ANZ,Apps, 106 ,24-Mar-18
ANZ,Apps, 53 ,25-Mar-18
ANZ,OFM, 41 ,01-Apr-18
ANZ,Tech, 12 ,17-Apr-18
ANZ,Apps, 212 ,06-May-18
ANZ,Apps, 159 ,09-May-18
ANZ,Apps, 159 ,11-May-18
ANZ,Apps, 106 ,12-May-18
ANZ,Tech, 486 ,17-May-18
ANZ,Apps, 32 ,19-May-18
ANZ,Apps, 50 ,31-May-18
ANZ,Apps, 148 ,20-Jun-18
ANZ,OFM, 196 ,21-Jun-18
ANZ,OFM, 446 ,23-Jun-18
ANZ,Apps, 53 ,24-Jun-18
ANZ,Apps, 4 ,01-Jul-18
ANZ,OFM, 106 ,02-Jul-18
ANZ,OFM, 53 ,03-Jul-18
ANZ,OFM, 357 ,07-Jul-18
ANZ,OFM, 293 ,14-Jul-18
ANZ,Tech, 212 ,25-Jul-18
ANZ,Tech, 59 ,01-Aug-18
ANZ,Apps, 16 ,11-Aug-18
ANZ,Apps, 21 ,01-Sep-18
ANZ,Apps, 53 ,03-Sep-18
ANZ,Apps, 53 ,04-Sep-18
ANZ,Tech, 53 ,06-Sep-18
ANZ,OFM, 53 ,08-Sep-18
ANZ,Tech, 53 ,14-Sep-18
ANZ,OFM, 318 ,02-Oct-18
ANZ,Apps, 53 ,04-Oct-18
ANZ,Tech, 106 ,19-Oct-18
ANZ,Tech, 212 ,14-Nov-18
ANZ,Tech, 106 ,19-Nov-18
ANZ,Apps, 371 ,20-Nov-18
ANZ,OFM, 159 ,21-Nov-18
ANZ,Apps, 106 ,22-Nov-18
ANZ,Apps, 529 ,24-Nov-18
ANZ,Apps, 424 ,28-Dec-18
ANZ,Apps, 106 ,12-Jan-19
ANZ,OFM, 212 ,14-Jan-19
ANZ,Tech, 212 ,15-Jan-19
ANZ,Tech, 212 ,16-Jan-19
ANZ,OFM, 212 ,21-Jan-19
ANZ,Apps, 26 ,26-Jan-19
ANZ,Tech," 1,059 ",17-Feb-19
ANZ,Apps, 529 ,18-Feb-19
ANZ,Apps, 529 ,19-Feb-19
ANZ,Apps, 424 ,20-Feb-19
ANZ,OFM, 39 ,23-Feb-19
ANZ,Tech, 150 ,24-Feb-19
ANZ,Apps, 5 ,11-Apr-19
ANZ,OFM, 106 ,15-Apr-19
ANZ,Apps, 212 ,18-Apr-19
ANZ,OFM, 212 ,19-Apr-19
ANZ,Tech, 85 ,20-Apr-19
ANZ,OFM, 106 ,06-May-19
ANZ,Tech, 81 ,08-May-19
ANZ,Tech, 32 ,06-Jun-19
ANZ,Tech, 4 ,07-Jun-19
ANZ,Tech, 16 ,08-Jun-19
ANZ,Tech, 529 ,09-Jun-19
ANZ,Tech, 243 ,10-Jun-19
ANZ,Tech, 529 ,16-Jun-19
ANZ,Apps, 122 ,12-Jul-19
ANZ,Tech, 53 ,17-Jul-19
ANZ,Apps, 53 ,18-Jul-19
ANZ,Apps, 53 ,19-Jul-19
ANZ,OFM, 26 ,21-Jul-19
ANZ,Apps, 49 ,26-Jul-19
ANZ,Apps, 203 ,27-Jul-19
ANZ,Apps, 81 ,28-Jul-19
ANZ,Tech, 529 ,29-Jul-19
ANZ,Tech, 53 ,02-Aug-19
ANZ,Apps, 81 ,04-Aug-19
ANZ,Apps, 243 ,25-Oct-19
ANZ,Apps, 106 ,09-Nov-19
ANZ,Tech, 64 ,21-Nov-19
ANZ,Tech, 212 ,06-Dec-19
ANZ,Apps, 159 ,12-Jan-20
ANZ,Apps, 129 ,26-Jan-20
ANZ,Apps, 212 ,28-Jan-20
ANZ,OFM, 212 ,29-Jan-20
ANZ,Apps, 106 ,12-Feb-20
ANZ,Tech, 106 ,13-Mar-20
ANZ,Apps, 106 ,24-Mar-20
ANZ,Apps," 5,295 ",25-Mar-20
ANZ,Apps," 1,588 ",26-Mar-20
ANZ,Apps, 318 ,27-Mar-20
ANZ,Apps, 371 ,28-Mar-20
ANZ,Tech, 53 ,07-Apr-20
ANZ,Apps, 371 ,16-Apr-20
ANZ,Apps, 2 ,12-May-20
ANZ,Apps, 81 ,13-May-20
ANZ,Tech, 53 ,20-May-20
ANZ,Tech, 529 ,21-May-20
ANZ,OFM, 318 ,22-May-20
ANZ,Tech, 53 ,27-May-20
ANZ,Tech, 53 ,28-May-20
ANZ,Tech, 21 ,13-Jun-20
ANZ,Apps, 53 ,13-Aug-20
ANZ,Apps, 53 ,14-Aug-20
ANZ,OFM, 72 ,15-Aug-20
ANZ,Apps, 106 ,19-Aug-20
ANZ,Apps, 19 ,20-Aug-20
ANZ,OFM, -   ,21-Aug-20
ANZ,OFM, 159 ,04-Sep-20
ANZ,OFM, 42 ,24-Sep-20
ANZ,Apps, 26 ,27-Sep-20
ANZ,OFM, 192 ,30-Sep-20
ANZ,Apps, 120 ,01-Oct-20
ANZ,Apps, 106 ,02-Oct-20
ANZ,Apps, 106 ,03-Oct-20
ANZ,Apps, 106 ,19-Oct-20
ANZ,Apps, 106 ,31-Oct-20
ANZ,OFM, 64 ,05-Nov-20
ANZ,OFM, 64 ,06-Nov-20
ANZ,OFM, 95 ,07-Nov-20
ANZ,OFM, 81 ,08-Nov-20
ANZ,Apps, 81 ,09-Nov-20
ANZ,Tech, 53 ,21-Nov-20
ANZ,Apps, 318 ,01-Dec-20
ANZ,Apps, 81 ,12-Dec-20
ANZ,Tech, 138 ,16-Dec-20
ANZ,OFM, 106 ,17-Dec-20
ANZ,Tech, 212 ,26-Dec-20
ANZ,Apps, 106 ,15-Jan-21
ANZ,Apps, 159 ,25-Jan-21
ANZ,Tech, 41 ,31-Jan-21
ANZ,Tech, 4 ,01-Feb-21
ANZ,Tech, 8 ,02-Feb-21
ANZ,Tech, 16 ,03-Feb-21
ANZ,Tech, 16 ,04-Feb-21
ANZ,Apps, 53 ,08-Feb-21
ANZ,Apps, 79 ,09-Feb-21
ANZ,Apps, 53 ,10-Feb-21
ANZ,Tech, 3 ,11-Feb-21
ANZ,Apps, 122 ,03-Mar-21
ANZ,Apps, 212 ,09-Mar-21
ANZ,Apps, 529 ,13-Mar-21
ANZ,Tech, 529 ,08-Apr-21
ANZ,OFM, 405 ,09-Apr-21
ANZ,Apps, 53 ,04-May-21
ANZ,Apps, 79 ,08-May-21
ANZ,Tech, 8 ,10-May-21
ANZ,Tech, 42 ,11-May-21
ANZ,Tech, 159 ,15-May-21
ANZ,Apps, 61 ,19-May-21
ANZ,Tech, 450 ,12-Jun-21
ANZ,OFM, 159 ,13-Jun-21
ANZ,Tech, 424 ,14-Jun-21
ANZ,Tech, 26 ,15-Jun-21
ANZ,OFM, 53 ,22-Jun-21
ANZ,Tech, 106 ,28-Jun-21
ANZ,Apps, 6 ,15-Jul-21
ANZ,Tech, 53 ,16-Jul-21
ANZ,OFM, 529 ,19-Jul-21
ANZ,Tech, 529 ,20-Jul-21
ANZ,Tech, -   ,05-Aug-21
ANZ,Tech, 349 ,16-Aug-21
ANZ,Tech, 64 ,17-Aug-21
ANZ,Tech, 74 ,20-Aug-21
ANZ,Tech, 106 ,21-Aug-21
ANZ,Tech, 21 ,12-Sep-21
ANZ,Tech, 127 ,13-Sep-21
ANZ,Tech, 212 ,14-Sep-21
ANZ,Apps, 265 ,18-Sep-21
ANZ,Apps, 65 ,05-Oct-21
ANZ,Systems, 265 ,29-Oct-21
ANZ,Apps, 53 ,01-Nov-21
ANZ,OFM, 159 ,01-Jan-22
ANZ,OFM, 32 ,05-Jan-22
ANZ,Tech, 53 ,06-Jan-22
ANZ,Tech, 42 ,21-Jan-22
ANZ,OFM, 265 ,22-Jan-22
ANZ,OFM, 106 ,11-Feb-22
ANZ,Apps, 0 ,12-Feb-22
ANZ,Apps, 53 ,13-Feb-22
ANZ,Tech, 635 ,10-Mar-22
ANZ,OFM, 53 ,12-Mar-22
ANZ,Tech, 159 ,14-Mar-22
ANZ,Tech, -   ,15-Mar-22
ANZ,Tech, 32 ,22-Apr-22
ANZ,Tech, 53 ,07-Jun-22
ANZ,Apps, 85 ,11-Jul-22
ANZ,OFM, 106 ,15-Jul-22
ANZ,OFM, 318 ,16-Jul-22
ANZ,Tech, 85 ,24-Jul-22
ANZ,Tech, 85 ,25-Jul-22
ANZ,OFM, 212 ,26-Jul-22
ANZ,Apps, 212 ,02-Aug-22
ANZ,Apps, 203 ,12-Aug-22
ANZ,Apps, 57 ,31-Aug-22
ANZ,Apps, 358 ,11-Sep-22
ANZ,Tech, 74 ,15-Sep-22
ANZ,Apps, 106 ,19-Sep-22
ANZ,Apps, 122 ,11-Oct-22
ANZ,Apps, 0 ,22-Oct-22
ANZ,Tech, 147 ,08-Nov-22
ANZ,Apps, 179 ,22-Nov-22
ANZ,Apps, 128 ,23-Nov-22
ANZ,Apps, 77 ,24-Nov-22
ANZ,OFM, 100 ,26-Nov-22
ANZ,Tech, 424 ,29-Nov-22
ANZ,Apps, 85 ,31-Dec-22
ANZ,Tech, 85 ,01-Jan-23
ANZ,Apps, 529 ,19-Jan-23
ANZ,Apps, 106 ,20-Jan-23
ANZ,OFM, 106 ,21-Jan-23
ANZ,Apps, 335 ,24-Jan-23
ANZ,Tech, 24 ,25-Jan-23
ANZ,Tech, 85 ,28-Jan-23
ANZ,Apps, 51 ,29-Jan-23
ANZ,Tech, 212 ,30-Jan-23
ANZ,Apps, 529 ,08-Feb-23
ANZ,Tech, 53 ,09-Feb-23
ANZ,Apps, 53 ,10-Feb-23
ANZ,Apps, 210 ,03-Mar-23
ANZ,Apps, 210 ,04-Mar-23
ANZ,Apps, 106 ,05-Mar-23
ANZ,Tech, 16 ,06-Mar-23
ANZ,Apps, 80 ,07-Mar-23
ANZ,OFM, 53 ,09-Mar-23
ANZ,Tech, 318 ,26-Mar-23
ANZ,Tech, 318 ,27-Mar-23
ANZ,Tech, 318 ,28-Mar-23
ANZ,Tech, 20 ,11-Apr-23
ANZ,Apps, 53 ,12-Apr-23
ANZ,Apps, 212 ,15-Apr-23
ANZ,Tech, 1 ,21-Apr-23
ANZ,Apps, 53 ,07-May-23
ANZ,Tech, 106 ,08-May-23
ANZ,OFM, 106 ,09-May-23
ANZ,Apps, 16 ,21-Jun-23
ANZ,Apps, 41 ,22-Jun-23
ANZ,OFM, 53 ,23-Jun-23
ANZ,Tech, 53 ,24-Jun-23
ANZ,OFM, 203 ,24-Jul-23
ANZ,Tech, 21 ,25-Jul-23
ANZ,Tech, 222 ,26-Jul-23
ANZ,Apps, 21 ,08-Aug-23
ANZ,Tech, 424 ,24-Aug-23
ANZ,Apps, 106 ,19-Sep-23
ANZ,Apps, 350 ,21-Sep-23
ANZ,Apps, 100 ,22-Sep-23
ANZ,Apps, 106 ,23-Sep-23
ANZ,Tech, 106 ,24-Sep-23
ANZ,Apps, 318 ,25-Sep-23
ANZ,OFM, -   ,20-Oct-23
ANZ,Apps, 200 ,03-Nov-23
ANZ,OFM, -   ,22-Nov-23
ANZ,OFM, -   ,07-Dec-23
ANZ,Tech, 106 ,19-Dec-23
ANZ,Apps, 424 ,01-Feb-24
ANZ,Apps, 53 ,02-Feb-24
ANZ,Apps, 265 ,03-Feb-24
ANZ,Tech, 424 ,08-Feb-24
ANZ,Tech, 106 ,17-Feb-24
ANZ,Tech, 127 ,18-Mar-24
ANZ,Apps, 19 ,04-Apr-24
ANZ,Systems, 32 ,05-Apr-24
ANZ,OFM, 810 ,16-Apr-24
ANZ,Tech, 212 ,17-Apr-24
ANZ,OFM, 39 ,20-Apr-24
ANZ,Tech, 212 ,24-Apr-24
ANZ,OFM, 159 ,14-May-24
ANZ,OFM, 106 ,21-May-24
ANZ,Tech, 41 ,23-May-24
ANZ,Tech, 11 ,20-Jun-24
ANZ,Tech, 212 ,30-Jun-24
ANZ,Apps, 212 ,01-Jul-24
ANZ,Tech, 106 ,04-Jul-24
ANZ,Apps, 106 ,13-Jul-24
ANZ,OFM, 11 ,15-Jul-24
ANZ,OFM, 7 ,28-Jul-24
ANZ,Tech, 53 ,01-Aug-24
ANZ,OFM, 371 ,20-Aug-24
ANZ,Tech, 32 ,21-Aug-24
ANZ,Tech, 21 ,26-Aug-24
ANZ,Apps, 53 ,19-Sep-24
ANZ,Apps, 106 ,20-Sep-24
ANZ,Tech, 11 ,21-Sep-24
ANZ,OFM, 53 ,13-Oct-24
ANZ,OFM," 2,118 ",15-Oct-24
ANZ,Apps, 81 ,20-Oct-24
ANZ,Apps, 81 ,21-Oct-24
ANZ,Apps, 212 ,03-Nov-24
ANZ,OFM, 32 ,13-Nov-24
ANZ,Tech, 616 ,24-Nov-24
ANZ,Tech, 21 ,26-Nov-24
ANZ,OFM, 53 ,27-Nov-24
ANZ,Tech, 4 ,29-Nov-24
ANZ,Tech, 32 ,18-Dec-24
ANZ,OFM, -   ,20-Dec-24
ANZ,Tech, 8 ,21-Dec-24
ANZ,Apps," 1,588 ",13-Jan-25
ANZ,Apps," 1,059 ",14-Jan-25
ANZ,Apps, 201 ,15-Jan-25
ANZ,Apps," 1,059 ",30-Jan-25
ANZ,Tech, 180 ,31-Jan-25
ANZ,Tech, 85 ,03-Feb-25
ANZ,Tech, 6 ,04-Feb-25
ANZ,Apps, 53 ,15-Feb-25
ANZ,Tech, 85 ,03-Apr-25
ANZ,Apps, 21 ,06-Apr-25
ANZ,Tech, 49 ,08-Apr-25
ANZ,Apps, 106 ,22-Apr-25
ANZ,Apps, 132 ,23-Apr-25
ANZ,Tech, 41 ,24-Apr-25
ANZ,Apps, 212 ,03-May-25
ANZ,Apps, 51 ,05-May-25
ANZ,Tech, 212 ,11-May-25
ANZ,Apps, 21 ,07-Jun-25
ANZ,Tech, 159 ,13-Jun-25
ANZ,Apps, 265 ,22-Jun-25
ANZ,Apps, 42 ,24-Jun-25
ANZ,Tech, 64 ,28-Jun-25
ANZ,Apps, 42 ,29-Jun-25
ANZ,Tech, 318 ,30-Jun-25
ANZ,Tech, 424 ,08-Jul-25
ANZ,Apps, 0 ,09-Jul-25
ANZ,Tech, 318 ,10-Jul-25
ANZ,OFM, 53 ,31-Jul-25
ANZ,OFM, 103 ,01-Aug-25
ANZ,Apps, 130 ,02-Aug-25
ANZ,Apps, 18 ,03-Aug-25
ANZ,Apps, 477 ,04-Aug-25
ANZ,OFM, 200 ,12-Aug-25
ANZ,Tech, 23 ,27-Aug-25
ANZ,Tech, 106 ,30-Aug-25
ANZ,Tech, 212 ,09-Sep-25
ANZ,Apps, 162 ,11-Sep-25
ANZ,Apps, 162 ,12-Sep-25
ANZ,Apps, 21 ,18-Sep-25
ANZ,Apps, 105 ,19-Sep-25
ANZ,Apps, 256 ,20-Sep-25
ANZ,Tech, 212 ,21-Sep-25
ANZ,Apps, 53 ,22-Sep-25
ANZ,Apps, 212 ,23-Sep-25
ANZ,Apps, 424 ,24-Sep-25
ANZ,Apps, 159 ,25-Sep-25
ANZ,Apps, 57 ,26-Sep-25
ANZ,Tech, 300 ,27-Sep-25
ANZ,Tech, 49 ,28-Sep-25
ANZ,Tech, 14 ,30-Sep-25
ANZ,Tech, 35 ,01-Oct-25
ANZ,Tech, 53 ,02-Oct-25
ANZ,Tech, 7 ,03-Oct-25
ANZ,Tech, 6 ,04-Oct-25
ANZ,Apps, 106 ,09-Oct-25
ANZ,Apps, 132 ,10-Oct-25
ANZ,Apps, 14 ,30-Oct-25
ANZ,Tech, 7 ,07-Dec-25
ANZ,Tech, 79 ,19-Dec-25
ANZ,Tech, 53 ,20-Dec-25
ANZ,Tech, 7 ,21-Dec-25
ANZ,Apps, 41 ,30-Dec-25
ANZ,Tech, 106 ,22-Jan-26
ANZ,Apps, 41 ,16-Feb-26
ANZ,Tech, 53 ,24-Feb-26
ANZ,OFM, 159 ,11-Mar-26
ANZ,Tech, 265 ,19-Mar-26
ANZ,OFM, 53 ,20-Mar-26
ANZ,Apps, 265 ,21-Mar-26
ANZ,Tech, 53 ,28-Apr-26
ANZ,Apps, 106 ,29-May-26
ANZ,Tech, 107 ,13-Jun-26
ANZ,Apps, 85 ,27-Jun-26
ANZ,Apps, 97 ,28-Jun-26
ANZ,Apps, 529 ,29-Jun-26
ANZ,Apps, 100 ,01-Jul-26
ANZ,Tech, 424 ,02-Jul-26
ANZ,Apps, 8 ,27-Jul-26
ANZ,OFM, 106 ,28-Jul-26
ANZ,Apps, 24 ,29-Jul-26
ANZ,Systems, 97 ,30-Jul-26
ANZ,OFM," 1,588 ",05-Aug-26
ANZ,Tech, 42 ,15-Aug-26
ANZ,Apps, 11 ,16-Aug-26
ANZ,Tech, 64 ,17-Aug-26
ANZ,Tech, 529 ,18-Aug-26
ANZ,Apps, 5 ,06-Sep-26
ANZ,Apps, 106 ,18-Sep-26
ANZ,Tech, 212 ,24-Sep-26
ANZ,Apps, 424 ,25-Sep-26
ANZ,OFM, 203 ,26-Sep-26
ANZ,Tech, 127 ,04-Oct-26
ANZ,Apps, 53 ,16-Oct-26
ANZ,OFM, 212 ,14-Nov-26
ANZ,Apps, 19 ,17-Nov-26
ANZ,Apps, 405 ,27-Nov-26
ANZ,Apps, 95 ,11-Mar-27
ANZ,Systems, 21 ,21-Mar-27
ANZ,Tech, 36 ,30-Mar-27
ANZ,Tech, 34 ,31-Mar-27
ANZ,Apps, 106 ,12-Apr-27
ANZ,Apps, 529 ,09-May-27
ANZ,Apps, 529 ,10-May-27
ANZ,Apps, 529 ,23-May-27
ANZ,Tech, 16 ,25-Jun-27
ANZ,Tech, 12 ,26-Jun-27
ANZ,Apps, 81 ,30-Jun-27
ANZ,OFM, -   ,06-Jul-27
ANZ,Tech, 18 ,27-Jul-27
ANZ,Apps, 265 ,02-Aug-27
ANZ,Tech, 212 ,16-Aug-27
ANZ,OFM, 106 ,17-Aug-27
ANZ,Apps, 106 ,18-Aug-27
ANZ,Apps, 20 ,19-Aug-27
ANZ,Apps, 13 ,20-Aug-27
ANZ,Tech, 159 ,02-Sep-27
ANZ,Tech, 53 ,03-Sep-27
ANZ,OFM, 21 ,04-Sep-27
ANZ,Apps, 53 ,05-Sep-27
ANZ,Apps, 106 ,06-Sep-27
ANZ,Apps, 8 ,07-Sep-27
ANZ,Apps, 254 ,08-Sep-27
ANZ,Other, 212 ,11-Sep-27
ANZ,Apps, 106 ,30-Sep-27
ANZ,Systems, 741 ,01-Oct-27
ANZ,OFM, 212 ,02-Oct-27
ANZ,Apps, 59 ,07-Nov-27
ANZ,Apps, 78 ,22-Dec-27
ANZ,Apps, 32 ,26-Dec-27
ANZ,Apps, 472 ,29-Dec-27
ANZ,Apps, 53 ,30-Dec-27
ANZ,Tech, 529 ,04-Jan-28
ANZ,Apps, 212 ,18-Feb-28
ANZ,Tech, 81 ,19-Feb-28
ANZ,Tech, 41 ,21-Feb-28
ANZ,OFM, 48 ,25-Feb-28
ANZ,Apps, 53 ,26-Feb-28
ANZ,Apps, 318 ,15-Mar-28
ANZ,Apps, 212 ,16-Mar-28
ANZ,Apps, 318 ,17-Mar-28
ANZ,Apps, 318 ,18-Mar-28
ANZ,Apps, 212 ,20-Mar-28
ANZ,Apps, 106 ,04-Apr-28
ANZ,Tech, 529 ,09-Apr-28
ANZ,Apps, 14 ,05-May-28
ANZ,Apps, 16 ,13-May-28
ANZ,Apps, 42 ,16-May-28
ANZ,Apps, 17 ,27-May-28
ANZ,Apps, 3 ,28-May-28
ANZ,Systems, 21 ,30-May-28
ANZ,Apps, 74 ,31-May-28
ANZ,Apps, 106 ,01-Jun-28
ANZ,Apps, 53 ,06-Jun-28
ANZ,OFM, 265 ,15-Jun-28
ANZ,Tech, 12 ,25-Jun-28
ANZ,Systems, 794 ,13-Jul-28
ANZ,Apps, 280 ,24-Jul-28
ANZ,Apps, 212 ,25-Jul-28
ANZ,Apps, 106 ,26-Jul-28
ANZ,Tech, 318 ,03-Aug-28
ANZ,Tech, 159 ,06-Aug-28
ANZ,Tech, 127 ,11-Aug-28
ANZ,Apps, 454 ,05-Oct-28
ANZ,Apps, 20 ,27-Oct-28
ANZ,Apps, 106 ,24-Nov-28
ANZ,Apps, 265 ,27-Nov-28
ANZ,Apps, 847 ,04-Dec-28
ANZ,Tech, 53 ,15-Dec-28
ANZ,Tech, 159 ,17-Dec-28
ANZ,Apps, 185 ,19-Dec-28
ANZ,Apps, 53 ,02-Jan-29
ANZ,Tech, 53 ,16-Jan-29
ANZ,Apps, 238 ,17-Jan-29
ANZ,Apps, 847 ,19-Jan-29
ANZ,Apps, 308 ,01-Feb-29
ANZ,Systems, 608 ,16-Feb-29
ANZ,Apps, 85 ,20-Mar-29
ANZ,OFM, 106 ,21-Mar-29
ANZ,Apps, 424 ,22-Mar-29
ANZ,Apps, 26 ,31-Mar-29
ANZ,Apps, 106 ,04-Apr-29
ANZ,Apps, 74 ,05-Apr-29
ANZ,Apps, 111 ,06-Apr-29
ANZ,Apps, 42 ,07-Apr-29
ANZ,Tech, 424 ,14-Apr-29
ANZ,Tech, 191 ,16-Apr-29
ANZ,Tech, 106 ,19-Apr-29
ANZ,OFM, 42 ,20-Apr-29
ANZ,Tech, 265 ,21-Apr-29
ANZ,Apps, 159 ,22-Apr-29
ANZ,OFM, 250 ,24-Apr-29
ANZ,Apps, 41 ,22-May-29
ANZ,Tech, 85 ,23-May-29
ANZ,OFM, 424 ,25-May-29
ANZ,Tech, 318 ,03-Jun-29
ANZ,Tech, 241 ,09-Jun-29
ANZ,Apps, 53 ,15-Jun-29
ANZ,Tech, 318 ,28-Jun-29
ANZ,OFM, 200 ,30-Jun-29
ANZ,Apps, 162 ,06-Jul-29
ANZ,Apps, 606 ,07-Jul-29
ANZ,Apps, 53 ,08-Jul-29
ANZ,Tech, 318 ,12-Jul-29
ANZ,Apps, 212 ,13-Jul-29
ANZ,Apps, 212 ,14-Jul-29
ANZ,OFM, 159 ,15-Jul-29
ANZ,Apps, 212 ,16-Jul-29
ANZ,Apps, 212 ,21-Jul-29
ANZ,Apps, 424 ,02-Aug-29
ANZ,Tech, 32 ,05-Aug-29
ANZ,Tech, 21 ,04-Oct-29
ANZ,Apps," 1,059 ",09-Oct-29
ANZ,Apps, 106 ,10-Oct-29
ANZ,OFM, -   ,04-Nov-29
ANZ,Tech, 21 ,17-Dec-29
ANZ,OFM, -   ,20-Dec-29
ANZ,Apps, 159 ,23-Dec-29
ANZ,Apps, 21 ,27-Dec-29
ANZ,Tech, 41 ,16-Jan-30
ANZ,Apps, 159 ,21-Jan-30
ANZ,OFM, 159 ,22-Jan-30
ANZ,Tech, 424 ,23-Jan-30
ANZ,Apps, 17 ,28-Jan-30
ANZ,Apps, 81 ,13-Feb-30
ANZ,Systems," 1,059 ",03-Mar-30
ANZ,OFM, 100 ,05-Apr-30
ANZ,OFM, 265 ,06-Apr-30
ANZ,Tech, 73 ,17-Apr-30
ANZ,Apps, 79 ,02-May-30
ANZ,Apps, 212 ,04-May-30
ANZ,Tech, 41 ,06-May-30
ANZ,OFM, 100 ,13-May-30
ANZ,Apps, 85 ,20-Jun-30
ANZ,Apps, 741 ,23-Jul-30
ANZ,Apps, 434 ,24-Jul-30
ANZ,Apps, 53 ,11-Aug-30
ANZ,OFM, 6 ,15-Aug-30
ANZ,OFM, 42 ,16-Aug-30
ANZ,Apps, 21 ,17-Aug-30
ANZ,Apps, 21 ,18-Aug-30
ANZ,Apps, 53 ,20-Aug-30
ANZ,Tech, 106 ,21-Aug-30
ANZ,OFM, 85 ,26-Aug-30
ANZ,Apps, 212 ,30-Aug-30
ANZ,Apps, 0 ,31-Aug-30
ANZ,Other," 1,000 ",05-Sep-30
ANZ,Apps, 51 ,08-Sep-30
ANZ,Tech," 1,059 ",11-Sep-30
ANZ,Tech, 254 ,26-Sep-30
ANZ,Apps, 37 ,26-Nov-30
ANZ,Apps, 21 ,28-Nov-30
ANZ,Apps, 159 ,13-Dec-30
ANZ,Apps, 106 ,14-Dec-30
ANZ,Apps, 106 ,15-Dec-30
ANZ,Apps, 53 ,16-Dec-30
ANZ,Apps, 106 ,17-Dec-30
ANZ,Apps, 106 ,18-Dec-30
ANZ,Tech, 42 ,23-Dec-30
ANZ,Apps, 32 ,20-Jan-31
ANZ,Apps, 85 ,21-Jan-31
ANZ,OFM, 42 ,09-Feb-31
ANZ,Apps, 529 ,27-Feb-31
ANZ,Apps, 79 ,11-May-31
ANZ,Apps, 53 ,12-May-31
ANZ,Apps, 53 ,13-May-31
ANZ,Apps, 74 ,14-May-31
ANZ,Apps, 4 ,15-May-31
ANZ,OFM, 42 ,18-May-31
ANZ,Systems, 127 ,07-Jun-31
ANZ,OFM, 60 ,12-Jun-31
ANZ,Tech, 127 ,07-Jul-31
ANZ,Apps, 212 ,11-Aug-31
ANZ,OFM, 89 ,14-Aug-31
ANZ,Tech, 74 ,17-Aug-31
ANZ,Apps, 159 ,20-Aug-31
ANZ,OFM, 212 ,27-Sep-31
ANZ,Apps, 79 ,07-Oct-31
ANZ,Tech, 11 ,27-Oct-31
ANZ,Tech, 212 ,28-Oct-31
ANZ,Apps, 42 ,06-Nov-31
ANZ,Tech, 424 ,15-Jan-32
ANZ,Apps, 152 ,27-Feb-32
ANZ,Apps, 201 ,28-Feb-32
ANZ,Apps, 106 ,01-Mar-32
ANZ,Apps, 29 ,17-Mar-32
ANZ,Tech, 85 ,15-Apr-32
ANZ,OFM, 318 ,18-Apr-32
ANZ,Apps, 212 ,23-Apr-32
ANZ,Apps, 159 ,04-May-32
ANZ,Apps, 41 ,06-May-32
ANZ,Apps, 106 ,07-May-32
ANZ,Tech, 26 ,19-May-32
ANZ,OFM, 79 ,20-May-32
ANZ,OFM, 185 ,22-May-32
ANZ,Apps, 85 ,30-May-32
ANZ,Apps, 112 ,31-May-32
ANZ,Apps, 106 ,08-Jun-32
ANZ,Apps, 188 ,09-Jun-32
ANZ,Apps, 20 ,07-Jul-32
ANZ,Apps, 20 ,08-Jul-32
ANZ,Apps, 41 ,09-Jul-32
ANZ,Apps, 53 ,11-Jul-32
ANZ,Apps, 212 ,23-Jul-32
ANZ,Tech, 0 ,08-Aug-32
ANZ,OFM, 212 ,13-Aug-32
ANZ,Apps, 106 ,30-Aug-32
ANZ,Apps, 26 ,07-Sep-32
ANZ,OFM, 212 ,24-Sep-32
ANZ,Tech, 85 ,01-Oct-32
ANZ,Systems," 6,354 ",02-Oct-32
ANZ,Apps, 318 ,14-Oct-32
ANZ,Apps, 41 ,15-Oct-32
ANZ,Tech, 120 ,20-Oct-32
ANZ,Tech, 212 ,21-Oct-32
ANZ,Tech, 106 ,02-Nov-32
ANZ,Apps, 53 ,08-Nov-32
ANZ,Apps, 162 ,14-Nov-32
ANZ,Tech, 529 ,15-Nov-32
ANZ,Apps, 212 ,23-Nov-32
ANZ,Apps, 21 ,04-Dec-32
ANZ,Apps," 1,059 ",05-Dec-32
ANZ,Apps, 741 ,07-Dec-32
ANZ,Apps, 53 ,08-Dec-32
ANZ,Apps, 53 ,10-Dec-32
ANZ,Apps, 106 ,13-Dec-32
ANZ,Apps, 212 ,17-Dec-32
ANZ,Apps, 159 ,18-Dec-32
ANZ,Apps, 21 ,20-Dec-32
ANZ,OFM, 318 ,28-Dec-32
ANZ,Apps, 73 ,15-Feb-33
ANZ,Apps, 24 ,16-Feb-33
ANZ,Apps, 11 ,17-Feb-33
ANZ,Apps, 14 ,18-Feb-33
ANZ,Apps, 45 ,19-Feb-33
ANZ,Apps, 162 ,20-Feb-33
ANZ,Apps, 20 ,04-Mar-33
ANZ,Apps, 203 ,05-Mar-33
ANZ,Tech, 529 ,22-Mar-33
ANZ,Tech, 529 ,31-May-33
ANZ,Tech, 7 ,13-Jun-33
ANZ,Tech, 53 ,20-Jun-33
ANZ,Tech, 265 ,21-Jun-33
ANZ,Apps, 371 ,26-Jun-33
ANZ,Tech, 26 ,27-Jun-33
ANZ,Apps, 64 ,28-Jun-33
ANZ,Tech, 371 ,07-Jul-33
ANZ,Tech, 48 ,20-Jul-33
ANZ,Apps, 127 ,21-Jul-33
ANZ,Tech, 265 ,22-Jul-33
ANZ,Apps, 53 ,27-Jul-33
ANZ,Apps," 1,059 ",28-Jul-33
ANZ,Systems, 32 ,16-Aug-33
ANZ,Tech, 529 ,07-Sep-33
ANZ,Tech, 81 ,23-Sep-33
ANZ,Apps, 424 ,24-Sep-33
ANZ,Tech, 159 ,07-Oct-33
ANZ,Tech, 8 ,09-Oct-33
ANZ,Tech, 8 ,12-Oct-33
ANZ,Tech, 8 ,13-Oct-33
ANZ,Tech, 8 ,17-Oct-33
ANZ,Systems, 265 ,05-Nov-33
ANZ,Apps, 81 ,08-Nov-33
ANZ,Tech, 265 ,09-Dec-33
ANZ,Systems, 318 ,10-Dec-33
ANZ,Apps, 23 ,11-Dec-33
ANZ,Apps, 51 ,12-Dec-33
ANZ,Apps, 11 ,14-Dec-33
ANZ,Apps," 1,324 ",15-Dec-33
ANZ,Tech, 424 ,02-Jan-34
ANZ,OFM, 64 ,03-Jan-34
ANZ,Systems, 159 ,06-Jan-34
ANZ,Apps, 159 ,08-Jan-34
ANZ,Systems, 53 ,25-Jan-34
ANZ,OFM, 118 ,15-Feb-34
ANZ,Apps, 318 ,17-Feb-34
ANZ,Apps, 106 ,18-Feb-34
ANZ,OFM, 106 ,20-Feb-34
ANZ,Apps, 212 ,28-Feb-34
ANZ,Apps, 162 ,14-Apr-34
ANZ,OFM, 128 ,15-Apr-34
ANZ,Apps, 26 ,17-Apr-34
ANZ,OFM, 200 ,08-May-34
ANZ,OFM, 53 ,12-May-34
ANZ,Tech, 159 ,29-May-34
ANZ,Systems, 42 ,02-Jun-34
ANZ,Apps, 64 ,15-Jun-34
ANZ,OFM, 47 ,16-Jun-34
ANZ,Tech, 12 ,17-Jun-34
ANZ,Apps, 529 ,25-Jun-34
ANZ,Tech, 48 ,26-Jun-34
ANZ,Tech, 85 ,27-Jun-34
ANZ,OFM, 48 ,21-Jul-34
ANZ,Apps, 1 ,22-Jul-34
ANZ,Apps, 5 ,29-Jul-34
ANZ,Apps, 44 ,01-Aug-34
ANZ,OFM, 49 ,05-Aug-34
ANZ,OFM, 212 ,06-Aug-34
ANZ,Tech, 106 ,08-Aug-34
ANZ,Tech, 32 ,09-Aug-34
ANZ,OFM, -   ,12-Aug-34
ANZ,Tech, 81 ,26-Aug-34
ANZ,Apps, 53 ,28-Aug-34
ANZ,Apps, 477 ,01-Oct-34
ANZ,Systems, 32 ,09-Oct-34
ANZ,Systems, 48 ,09-Nov-34
ANZ,OFM, 106 ,14-Nov-34
ANZ,Apps, 106 ,25-Nov-34
ANZ,OFM, 265 ,26-Nov-34
ANZ,Tech, 26 ,03-Dec-34
ANZ,Apps, 21 ,09-Dec-34
ANZ,Tech, 53 ,22-Dec-34
ANZ,Apps, 162 ,06-Jan-35
ANZ,Systems, 138 ,08-Jan-35
ANZ,Apps, 79 ,10-Jan-35
ANZ,OFM, 60 ,16-Jan-35
ANZ,Tech, 159 ,18-Jan-35
ANZ,Apps, 265 ,19-Jan-35
ANZ,Apps, 112 ,21-Jan-35
ANZ,Tech, 48 ,02-Feb-35
ANZ,Tech, 136 ,09-Feb-35
ANZ,Tech, 424 ,10-Feb-35
ANZ,Tech, 318 ,11-Feb-35
ANZ,Apps, 48 ,15-Feb-35
ANZ,Apps, 217 ,21-Feb-35
ANZ,Apps, 953 ,16-Apr-35
ANZ,Apps, 51 ,22-Apr-35
ANZ,OFM, 49 ,23-Apr-35
ANZ,Tech, 61 ,09-May-35
ANZ,Tech, 32 ,10-May-35
ANZ,Apps, 65 ,21-May-35
ANZ,Apps, 256 ,25-May-35
ANZ,Apps, 53 ,30-May-35
ANZ,Tech, 424 ,07-Jun-35
ANZ,Apps, 141 ,10-Jun-35
ANZ,OFM, 42 ,14-Jun-35
ANZ,Apps, 21 ,15-Jun-35
ANZ,Apps, 53 ,16-Jun-35
ANZ,Apps, 53 ,17-Jun-35
ANZ,Apps, 53 ,18-Jun-35
ANZ,Apps, 53 ,19-Jun-35
ANZ,Apps, 53 ,21-Jun-35
ANZ,Apps, 53 ,24-Jun-35
ANZ,Tech, 85 ,08-Aug-35
ANZ,Apps, 13 ,19-Aug-35
ANZ,Apps, 79 ,26-Aug-35
ANZ,OFM, 980 ,01-Sep-35
ANZ,Tech, 8 ,08-Sep-35
ANZ,Tech, 10 ,11-Sep-35
ANZ,Apps, 450 ,19-Sep-35
ANZ,Apps, 212 ,24-Sep-35
ANZ,Apps, 32 ,10-Oct-35
ANZ,OFM, 106 ,22-Oct-35
ANZ,Tech, 8 ,02-Nov-35
ANZ,OFM, -   ,19-Nov-35
ANZ,Apps, 36 ,20-Nov-35
ANZ,Tech, 153 ,21-Nov-35
ANZ,Apps, 150 ,13-Dec-35
ANZ,Apps, 203 ,24-Dec-35
ANZ,Apps, 106 ,27-Dec-35
ANZ,Apps, 122 ,30-Dec-35
ANZ,Apps, 162 ,31-Dec-35
ANZ,OFM, 200 ,05-Jan-36
ANZ,Tech, 53 ,15-Jan-36
ANZ,OFM, 48 ,16-Jan-36
ANZ,Tech, 21 ,19-Jan-36
ANZ,Apps, 22 ,25-Feb-36
ANZ,OFM, 64 ,29-Feb-36
ANZ,Apps, 48 ,01-Mar-36
ANZ,Systems, 32 ,11-Mar-36
ANZ,Tech, 159 ,15-Mar-36
ANZ,OFM, 50 ,17-Mar-36
ANZ,OFM, 85 ,23-Mar-36
ANZ,Tech, 81 ,27-Mar-36
ANZ,OFM, 41 ,02-Apr-36
ANZ,Apps, 0 ,06-Apr-36
ANZ,Systems, 53 ,10-Apr-36
ANZ,OFM, 1 ,16-Apr-36
ANZ,Tech, 212 ,26-Apr-36
ANZ,OFM, 529 ,28-Apr-36
ANZ,Systems, 53 ,29-Apr-36
ANZ,Apps, 32 ,30-Apr-36
ANZ,Tech, 41 ,01-May-36
ANZ,OFM, 212 ,13-May-36
ANZ,Systems, 26 ,14-May-36
ANZ,Systems, 6 ,23-May-36
ANZ,Tech, 106 ,16-Jun-36
ANZ,Apps, 81 ,24-Jun-36
ANZ,Systems," 1,483 ",25-Jun-36
ANZ,OFM, 106 ,28-Jun-36
ANZ,Tech, 106 ,30-Jun-36
ANZ,OFM, 53 ,09-Jul-36
ANZ,Apps, 8 ,14-Jul-36
ANZ,OFM, 53 ,12-Aug-36
ANZ,Apps, 81 ,15-Aug-36
ANZ,OFM, 53 ,20-Aug-36
ANZ,Apps, 81 ,21-Aug-36
ANZ,Apps," 10,590 ",23-Aug-36
ANZ,Apps," 10,590 ",24-Aug-36
ANZ,Tech, 21 ,07-Sep-36
ANZ,Apps, 106 ,17-Sep-36
ANZ,Apps, 41 ,18-Sep-36
ANZ,Apps, 424 ,22-Sep-36
ANZ,Apps, 159 ,26-Sep-36
ANZ,OFM, 106 ,01-Oct-36
ANZ,Apps, 275 ,03-Oct-36
ANZ,OFM, 53 ,04-Oct-36
ANZ,Apps, 106 ,06-Oct-36
ANZ,Apps, 810 ,10-Oct-36
ANZ,OFM, 53 ,14-Oct-36
ANZ,OFM, 53 ,18-Oct-36
ANZ,Tech, 64 ,19-Oct-36
ANZ,Apps, 81 ,02-Nov-36
ANZ,Systems, 53 ,04-Nov-36
ANZ,Apps, 623 ,08-Nov-36
ANZ,OFM, 53 ,09-Nov-36
ANZ,Tech, 32 ,10-Nov-36
ANZ,Tech, 159 ,16-Nov-36
ANZ,Systems, 106 ,25-Nov-36
ANZ,Apps, 203 ,02-Dec-36
ANZ,Apps, 318 ,04-Dec-36
ANZ,Apps, 132 ,05-Dec-36
ANZ,Apps, 87 ,09-Dec-36
ANZ,Apps, 64 ,10-Dec-36
ANZ,Apps, 76 ,03-Jan-37
ANZ,Apps, 53 ,19-Jan-37
ANZ,Apps, 53 ,20-Jan-37
ANZ,Apps, 32 ,21-Jan-37
ANZ,Apps, 42 ,23-Jan-37
ANZ,Apps, 53 ,24-Jan-37
ANZ,Tech, 53 ,25-Jan-37
ANZ,Tech, 58 ,26-Jan-37
ANZ,Tech, 64 ,27-Jan-37
ANZ,Tech, 42 ,28-Jan-37
ANZ,Apps, 53 ,29-Jan-37
ANZ,Apps, 106 ,04-Feb-37
ANZ,Apps, 212 ,05-Feb-37
ANZ,Systems, 90 ,06-Feb-37
ANZ,Systems, 349 ,07-Feb-37
ANZ,OFM, 106 ,08-Feb-37
ANZ,Systems, 212 ,12-Feb-37
ANZ,OFM, 53 ,19-Feb-37
ANZ,Apps, 212 ,20-Feb-37
ANZ,Apps, 64 ,21-Feb-37
ANZ,Tech, 529 ,22-Feb-37
ANZ,OFM, 212 ,27-Feb-37
ANZ,OFM, 318 ,02-Mar-37
ANZ,Apps, 212 ,05-Mar-37
ANZ,Apps, 81 ,10-Mar-37
ANZ,Apps, 212 ,16-Mar-37
ANZ,Apps, 106 ,23-Apr-37
ANZ,Apps, 106 ,24-Apr-37
ANZ,Apps, 265 ,25-Apr-37
ANZ,Apps, 159 ,28-Apr-37
ANZ,Tech, 42 ,18-May-37
ANZ,Apps, 212 ,01-Jun-37
ANZ,Systems, 265 ,30-Jun-37
ANZ,OFM, 150 ,14-Jul-37
ANZ,Apps, 35 ,29-Jul-37
ANZ,Apps, 65 ,17-Aug-37
ANZ,Systems, 42 ,19-Aug-37
ANZ,Apps, 106 ,20-Aug-37
ANZ,Apps, 159 ,21-Aug-37
ANZ,OFM, 106 ,22-Aug-37
ANZ,Apps, 265 ,27-Aug-37
ANZ,OFM, 159 ,28-Aug-37
ANZ,Apps, 265 ,29-Aug-37
ANZ,Systems," 1,271 ",10-Sep-37
ANZ,Apps, 529 ,14-Sep-37
ANZ,OFM, 738 ,19-Sep-37
ANZ,Systems, 49 ,20-Sep-37
ANZ,Apps, 93 ,21-Sep-37
ANZ,Systems, 159 ,22-Sep-37
ANZ,OFM, 106 ,12-Oct-37
ANZ,Systems, 169 ,13-Oct-37
ANZ,Systems, 85 ,14-Oct-37
ANZ,Systems, 26 ,15-Oct-37
ANZ,Apps, 95 ,28-Oct-37
ANZ,Apps, 149 ,29-Oct-37
ANZ,Tech, 53 ,30-Oct-37
ANZ,Tech, 16 ,31-Oct-37
ANZ,Apps, 371 ,12-Nov-37
ANZ,Apps, 212 ,13-Nov-37
ANZ,Apps, 741 ,14-Nov-37
ANZ,Apps, 318 ,15-Nov-37
ANZ,Apps, 212 ,16-Nov-37
ANZ,Apps, 38 ,17-Nov-37
ANZ,Tech, 60 ,19-Nov-37
ANZ,Apps, 81 ,24-Nov-37
ANZ,Systems, 32 ,26-Nov-37
ANZ,Apps, 53 ,04-Dec-37
ANZ,Systems, 265 ,05-Dec-37
ANZ,Systems, 122 ,13-Dec-37
ANZ,Systems, 39 ,30-Dec-37
ANZ,Apps, 41 ,31-Dec-37
ANZ,Systems, 24 ,01-Jan-38
ANZ,Apps, 1 ,06-Jan-38
ANZ,Systems, 42 ,07-Jan-38
ANZ,Apps, 53 ,08-Jan-38
ANZ,OFM, 53 ,09-Jan-38
ANZ,Tech, 529 ,10-Jan-38
ANZ,Apps, 53 ,12-Jan-38
ANZ,Other, 371 ,23-Jan-38
ANZ,Systems, 635 ,31-Jan-38
ANZ,Systems, 16 ,18-Feb-38
ANZ,Systems, 8 ,22-Feb-38
ANZ,Systems, 8 ,23-Feb-38
ANZ,Systems, 8 ,25-Feb-38
ANZ,Systems, 8 ,28-Feb-38
ANZ,Systems, 106 ,03-Mar-38
ANZ,Systems, 21 ,14-Mar-38
ANZ,Systems, 21 ,18-Mar-38
ANZ,Systems, 20 ,24-Mar-38
ANZ,Systems, 284 ,28-Mar-38
ANZ,Systems, 106 ,03-Apr-38
ANZ,Systems, 128 ,01-May-38
ANZ,Systems, 118 ,02-May-38
ANZ,Systems, 318 ,03-May-38
ANZ,Systems, 212 ,07-May-38
ANZ,Systems, 11 ,11-May-38
ANZ,Systems, 127 ,12-May-38
ANZ,Systems, 95 ,07-Jun-38
ANZ,Systems, 318 ,09-Jun-38
ANZ,Systems, 103 ,10-Jun-38
ANZ,Systems, 52 ,19-Jun-38
ANZ,Systems, 106 ,28-Jun-38
ANZ,Systems, 53 ,01-Jul-38
ANZ,Systems, 191 ,03-Jul-38
ANZ,Systems, 106 ,05-Jul-38
ANZ,Systems, 21 ,07-Jul-38
ANZ,Systems, 254 ,16-Jul-38
ANZ,Systems, 365 ,27-Jul-38
ANZ,Systems, 21 ,30-Jul-38
ANZ,Systems, 4 ,31-Jul-38
ANZ,Systems, 169 ,06-Aug-38
ANZ,Systems, 159 ,10-Aug-38
ANZ,Systems, 667 ,14-Aug-38
ANZ,Systems, 477 ,19-Aug-38
ANZ,Systems, 127 ,24-Aug-38
ANZ,Systems, 477 ,25-Aug-38
ANZ,Systems, 371 ,28-Aug-38
ANZ,Systems, 74 ,03-Sep-38
ANZ,Systems, 85 ,08-Sep-38
ANZ,Systems, 41 ,10-Sep-38
ANZ,Systems, 106 ,14-Sep-38
ANZ,Systems, 11 ,15-Sep-38
ANZ,Systems, 21 ,17-Sep-38
ANZ,Systems, 8 ,18-Sep-38
ANZ,Systems, 57 ,26-Sep-38
ANZ,Systems, 21 ,27-Sep-38
ANZ,Systems, 16 ,05-Oct-38
ANZ,Systems, 21 ,08-Oct-38
ANZ,Systems, 21 ,10-Oct-38
ANZ,Systems, 41 ,11-Oct-38
ANZ,Systems, 159 ,12-Oct-38
ANZ,Systems, 194 ,14-Oct-38
ANZ,Systems, 53 ,19-Oct-38
ANZ,Systems, 23 ,24-Oct-38
ANZ,Systems, 16 ,26-Oct-38
ANZ,Systems," 1,059 ",05-Nov-38
ANZ,Systems, 10 ,06-Nov-38
ANZ,Systems, 21 ,24-Nov-38
ANZ,Apps, 529 ,02-Dec-38
ANZ,Apps, 212 ,03-Dec-38
ANZ,Apps, 53 ,20-Dec-38
ANZ,Apps, 405 ,23-Dec-38
ANZ,Apps, 53 ,25-Dec-38
ANZ,Apps, 212 ,26-Dec-38
ANZ,Apps," 1,059 ",28-Dec-38
ANZ,Apps, 65 ,31-Jan-39
ANZ,Apps, 138 ,01-Mar-39
ANZ,Apps, 265 ,08-Mar-39
ANZ,Apps, 106 ,09-Mar-39
ANZ,Apps, 106 ,17-Mar-39
ANZ,Apps, 212 ,23-Mar-39
ANZ,Apps, 106 ,28-Mar-39
ANZ,Apps, 53 ,30-Mar-39
ANZ,Apps, 122 ,02-Apr-39
ANZ,Apps, 20 ,03-Apr-39
ANZ,Apps, 162 ,04-Apr-39
ANZ,Apps, 122 ,08-Apr-39
ANZ,Apps, 122 ,09-Apr-39
ANZ,Apps, 14 ,12-Apr-39
ANZ,Apps, 339 ,22-Apr-39
ANZ,Apps, 233 ,23-Apr-39
ANZ,Apps, 424 ,24-Apr-39
ANZ,Apps, 159 ,26-Apr-39
ANZ,Apps, 212 ,27-Apr-39
ANZ,Tech, 37 ,01-Jun-39
ANZ,Tech, 297 ,07-Jun-39
ANZ,Tech, 212 ,08-Jun-39
ANZ,Tech, 81 ,15-Jun-39
ANZ,Tech, 69 ,17-Jun-39
ANZ,Tech, 41 ,05-Jul-39
ANZ,Tech, 297 ,09-Jul-39
ANZ,Tech, 380 ,13-Jul-39
ANZ,Tech, 42 ,07-Aug-39
ANZ,Tech, 159 ,11-Aug-39
ANZ,Tech, 159 ,11-Sep-39
ANZ,Tech, 159 ,12-Sep-39
ANZ,Tech, 64 ,13-Sep-39
ANZ,Tech, 318 ,14-Sep-39
ANZ,Tech, 32 ,18-Sep-39
ANZ,Tech, 159 ,25-Sep-39
ANZ,Tech, 32 ,10-Oct-39
ANZ,Tech, 32 ,13-Oct-39
ANZ,Tech, 85 ,12-Nov-39
ANZ,Tech, 21 ,17-Nov-39
ANZ,Tech, 85 ,30-Dec-39
ANZ,Tech, 42 ,10-Jan-40
ANZ,Tech, 116 ,12-Jan-40
ANZ,OFM, 21 ,31-Jan-40
ANZ,OFM, 32 ,01-Feb-40
ANZ,OFM, 106 ,06-Feb-40
ANZ,OFM, 212 ,08-Feb-40
ANZ,Apps, 81 ,25-Feb-40
ANZ,Apps, 53 ,28-Feb-40
ANZ,Apps, 41 ,05-Mar-40
ANZ,Apps, 53 ,08-Mar-40
ANZ,Apps, 106 ,11-Mar-40
ANZ,Apps, 243 ,12-Mar-40
ANZ,Apps, 53 ,15-Mar-40
ANZ,OFM, 159 ,02-Apr-40
ANZ,OFM, 53 ,09-Apr-40
ANZ,OFM, 32 ,10-Apr-40
ANZ,OFM, 212 ,11-Apr-40
ANZ,OFM, 53 ,18-Apr-40
ANZ,OFM, 79 ,19-Apr-40
ANZ,OFM, 318 ,20-Apr-40
ANZ,Apps, 37 ,24-Apr-40
ANZ,Apps, 20 ,27-Apr-40
